age,tenure,monthly_charges,support_calls,contract_type,churn
22,2,95.0,6,monthly,1
25,4,88.0,5,monthly,1
29,6,82.0,4,monthly,1
31,8,79.0,3,monthly,1
34,12,72.0,3,monthly,0
36,18,68.0,2,monthly,0
39,24,65.0,1,one_year,0
42,36,60.0,1,two_year,0
45,48,55.0,0,two_year,0
52,60,50.0,0,two_year,0
24,3,105.0,7,monthly,1
27,9,91.0,4,monthly,1
33,15,85.0,4,monthly,1
38,10,76.0,2,one_year,0
41,20,70.0,2,one_year,0
47,30,63.0,1,one_year,0
55,42,58.0,0,two_year,0
61,72,45.0,0,two_year,0
23,1,99.0,8,monthly,1
30,5,94.0,5,monthly,1
35,14,73.0,2,monthly,0
40,22,69.0,2,one_year,0
44,28,64.0,1,one_year,0
50,40,59.0,1,two_year,0
58,54,52.0,0,two_year,0
26,7,87.0,5,monthly,1
32,11,80.0,3,monthly,1
37,19,71.0,2,one_year,0
48,34,61.0,1,two_year,0
63,80,42.0,0,two_year,0
